{
  "alignment": "none",
  "csv": "results/diode_depthpro_full/diode_depth_benchmark.csv",
  "dataset": "DIODE validation depth",
  "dataset_dir": "data/diode/val",
  "depth_method": "depth_pro",
  "images_evaluated": 771,
  "metrics": {
    "abs_rel": 0.523021385933571,
    "delta1": 0.40568288947748093,
    "delta2": 0.659492012063117,
    "delta3": 0.8179169116727939,
    "log_mae": 0.17455790387108447,
    "log_rmse": 0.19928192503505687,
    "mae": 5.080659335891685,
    "rmse": 29.037954281061793,
    "rmse_log": 0.458863589888879,
    "silog": 26.876577647964254,
    "sq_rel": 1198.1191870852415
  },
  "scene_breakdown": {
    "indoors": {
      "abs_rel": 0.19946158647987028,
      "delta1": 0.6785434060799738,
      "delta2": 0.9205731589012199,
      "delta3": 0.9801279087483151,
      "images": 325,
      "log_mae": 0.08399934926192382,
      "log_rmse": 0.09679826954145816,
      "mae": 0.6947149154865093,
      "rmse": 0.8654227146745979,
      "rmse_log": 0.22288625247378116,
      "silog": 11.109397776563789,
      "sq_rel": 0.23272598474185954
    },
    "outdoor": {
      "abs_rel": 0.7587992667014021,
      "delta1": 0.20684955338822056,
      "delta2": 0.46924229743893886,
      "delta3": 0.6997138308442191,
      "images": 446,
      "log_mae": 0.24054788200556257,
      "log_rmse": 0.2739617188364461,
      "mae": 8.276695068249717,
      "rmse": 49.567265400065914,
      "rmse_log": 0.6308201698438268,
      "silog": 38.36611454976952,
      "sq_rel": 2071.0185141203588
    }
  },
  "seed": 7,
  "selected_by": "full_split"
}